{
    "name": "Build Energy System",
    "item_type": "Importer",
    "mapping": {
        "table_mappings": {
            "Input Table": [],
            "Quellen": [],
            "nodes": [],
            "connections": [],
            "properties_table": []
        },
        "selected_tables": [
            "nodes",
            "connections",
            "properties_table"
        ],
        "table_options": {
            "Input Table": {},
            "Quellen": {},
            "nodes": {
                "header": true,
                "read_until_col": false
            },
            "connections": {},
            "properties_table": {}
        },
        "table_types": {
            "Input Table": {
                "0": "string",
                "1": "string",
                "2": "string",
                "3": "string",
                "4": "string",
                "5": "float",
                "6": "string",
                "7": "float",
                "8": "string",
                "9": "string",
                "10": "string",
                "11": "string",
                "12": "string",
                "13": "string",
                "14": "string",
                "15": "string",
                "16": "string",
                "17": "string",
                "18": "string",
                "19": "float",
                "20": "string",
                "21": "string",
                "22": "string",
                "23": "string",
                "24": "string",
                "25": "string",
                "26": "string",
                "27": "string",
                "28": "string",
                "29": "string",
                "30": "string",
                "31": "string",
                "32": "string",
                "33": "string",
                "34": "string",
                "35": "string",
                "36": "string",
                "37": "string",
                "38": "string",
                "39": "string",
                "40": "string",
                "41": "string",
                "42": "string",
                "43": "string",
                "44": "string",
                "45": "string"
            },
            "Quellen": {
                "0": "string",
                "1": "string",
                "2": "string",
                "3": "string",
                "4": "string",
                "5": "string",
                "6": "string",
                "7": "string",
                "8": "string",
                "9": "string",
                "10": "string",
                "11": "string",
                "12": "string",
                "13": "string",
                "14": "string",
                "15": "string",
                "16": "string",
                "17": "string"
            },
            "nodes": {
                "0": "float",
                "1": "float",
                "2": "float",
                "3": "float",
                "4": "float",
                "5": "float",
                "6": "float",
                "7": "float",
                "8": "float",
                "9": "float"
            },
            "connections": {
                "0": "string",
                "1": "string",
                "2": "string",
                "3": "string",
                "4": "string",
                "5": "string"
            },
            "properties_table": {
                "0": "string",
                "1": "string",
                "2": "string",
                "3": "string",
                "4": "string",
                "5": "string",
                "6": "string",
                "7": "string",
                "8": "string",
                "9": "string",
                "10": "string",
                "11": "string",
                "12": "string",
                "13": "string",
                "14": "string",
                "15": "string",
                "16": "string",
                "17": "string",
                "18": "string",
                "19": "string",
                "20": "string",
                "21": "string",
                "22": "string",
                "23": "string",
                "24": "string"
            }
        },
        "table_default_column_type": {},
        "table_row_types": {},
        "source_type": "ExcelConnector"
    },
    "description": "Build energy system from input excel"
}