{
    "name": "properties_import_transport",
    "item_type": "Importer",
    "mapping": {
        "table_mappings": {
            "nodes": [
                {
                    "Initiate el nodes": {
                        "mapping": [
                            {
                                "map_type": "ObjectClass",
                                "position": "hidden",
                                "value": "node",
                                "skip_columns": [
                                    0,
                                    1,
                                    2,
                                    3,
                                    6,
                                    7,
                                    10
                                ]
                            },
                            {
                                "map_type": "Object",
                                "position": 1
                            },
                            {
                                "map_type": "ObjectMetadata",
                                "position": "hidden"
                            },
                            {
                                "map_type": "ParameterDefinition",
                                "position": "header"
                            },
                            {
                                "map_type": "Alternative",
                                "position": "hidden"
                            },
                            {
                                "map_type": "ParameterValueMetadata",
                                "position": "hidden"
                            },
                            {
                                "map_type": "ParameterValue",
                                "position": "hidden"
                            }
                        ]
                    }
                },
                {
                    "Initiate gas nodes": {
                        "mapping": [
                            {
                                "map_type": "ObjectClass",
                                "position": "hidden",
                                "value": "node",
                                "skip_columns": [
                                    0,
                                    1,
                                    2,
                                    3,
                                    5,
                                    7,
                                    10
                                ]
                            },
                            {
                                "map_type": "Object",
                                "position": 2
                            },
                            {
                                "map_type": "ObjectMetadata",
                                "position": "hidden"
                            },
                            {
                                "map_type": "ParameterDefinition",
                                "position": "header"
                            },
                            {
                                "map_type": "Alternative",
                                "position": "hidden"
                            },
                            {
                                "map_type": "ParameterValueMetadata",
                                "position": "hidden"
                            },
                            {
                                "map_type": "ParameterValue",
                                "position": "hidden"
                            }
                        ]
                    }
                },
                {
                    "Initiate h2 nodes": {
                        "mapping": [
                            {
                                "map_type": "ObjectClass",
                                "position": "hidden",
                                "value": "node",
                                "skip_columns": [
                                    0,
                                    1,
                                    2,
                                    3,
                                    5,
                                    6,
                                    10
                                ]
                            },
                            {
                                "map_type": "Object",
                                "position": 3
                            },
                            {
                                "map_type": "ObjectMetadata",
                                "position": "hidden"
                            },
                            {
                                "map_type": "ParameterDefinition",
                                "position": "header"
                            },
                            {
                                "map_type": "Alternative",
                                "position": "hidden"
                            },
                            {
                                "map_type": "ParameterValueMetadata",
                                "position": "hidden"
                            },
                            {
                                "map_type": "ParameterValue",
                                "position": "hidden"
                            }
                        ]
                    }
                }
            ],
            "connections": [
                {
                    "Initiate el connections": {
                        "mapping": [
                            {
                                "map_type": "ObjectClass",
                                "position": "hidden",
                                "value": "connection",
                                "skip_columns": [
                                    0,
                                    1,
                                    2,
                                    3,
                                    5
                                ]
                            },
                            {
                                "map_type": "Object",
                                "position": 2
                            },
                            {
                                "map_type": "ObjectMetadata",
                                "position": "hidden"
                            },
                            {
                                "map_type": "ParameterDefinition",
                                "position": "header"
                            },
                            {
                                "map_type": "Alternative",
                                "position": "hidden"
                            },
                            {
                                "map_type": "ParameterValueMetadata",
                                "position": "hidden"
                            },
                            {
                                "map_type": "ParameterValue",
                                "position": "hidden"
                            }
                        ]
                    }
                },
                {
                    "el connection from node 1": {
                        "mapping": [
                            {
                                "map_type": "RelationshipClass",
                                "position": "hidden",
                                "value": "connection__from_node",
                                "skip_columns": [
                                    2,
                                    3,
                                    4,
                                    5
                                ]
                            },
                            {
                                "map_type": "RelationshipClassObjectClass",
                                "position": "hidden",
                                "value": "connection"
                            },
                            {
                                "map_type": "RelationshipClassObjectClass",
                                "position": "hidden",
                                "value": "node"
                            },
                            {
                                "map_type": "Relationship",
                                "position": "hidden",
                                "value": "relationship"
                            },
                            {
                                "map_type": "RelationshipObject",
                                "position": 2
                            },
                            {
                                "map_type": "RelationshipObject",
                                "position": 0
                            },
                            {
                                "map_type": "RelationshipMetadata",
                                "position": "hidden"
                            },
                            {
                                "map_type": "ParameterDefinition",
                                "position": "hidden",
                                "value": "connection_capacity"
                            },
                            {
                                "map_type": "Alternative",
                                "position": "hidden"
                            },
                            {
                                "map_type": "ParameterValueMetadata",
                                "position": "hidden"
                            },
                            {
                                "map_type": "ParameterValue",
                                "position": "header",
                                "value": 3
                            }
                        ]
                    }
                },
                {
                    "el connection from node 2": {
                        "mapping": [
                            {
                                "map_type": "RelationshipClass",
                                "position": "hidden",
                                "value": "connection__from_node",
                                "skip_columns": [
                                    2,
                                    3,
                                    4,
                                    5
                                ]
                            },
                            {
                                "map_type": "RelationshipClassObjectClass",
                                "position": "hidden",
                                "value": "connection"
                            },
                            {
                                "map_type": "RelationshipClassObjectClass",
                                "position": "hidden",
                                "value": "node"
                            },
                            {
                                "map_type": "Relationship",
                                "position": "hidden",
                                "value": "relationship"
                            },
                            {
                                "map_type": "RelationshipObject",
                                "position": 2
                            },
                            {
                                "map_type": "RelationshipObject",
                                "position": 1
                            },
                            {
                                "map_type": "RelationshipMetadata",
                                "position": "hidden"
                            },
                            {
                                "map_type": "ParameterDefinition",
                                "position": "hidden",
                                "value": "connection_capacity"
                            },
                            {
                                "map_type": "Alternative",
                                "position": "hidden"
                            },
                            {
                                "map_type": "ParameterValueMetadata",
                                "position": "hidden"
                            },
                            {
                                "map_type": "ParameterValue",
                                "position": "header",
                                "value": 3
                            }
                        ]
                    }
                },
                {
                    "el connection to node 1": {
                        "mapping": [
                            {
                                "map_type": "RelationshipClass",
                                "position": "hidden",
                                "value": "connection__to_node",
                                "skip_columns": [
                                    2,
                                    3,
                                    4,
                                    5
                                ]
                            },
                            {
                                "map_type": "RelationshipClassObjectClass",
                                "position": "hidden",
                                "value": "connection"
                            },
                            {
                                "map_type": "RelationshipClassObjectClass",
                                "position": "hidden",
                                "value": "node"
                            },
                            {
                                "map_type": "Relationship",
                                "position": "hidden",
                                "value": "relationship"
                            },
                            {
                                "map_type": "RelationshipObject",
                                "position": 2
                            },
                            {
                                "map_type": "RelationshipObject",
                                "position": 0
                            },
                            {
                                "map_type": "RelationshipMetadata",
                                "position": "hidden"
                            },
                            {
                                "map_type": "ParameterDefinition",
                                "position": "hidden"
                            },
                            {
                                "map_type": "ParameterValueList",
                                "position": "hidden"
                            },
                            {
                                "map_type": "ParameterDefaultValue",
                                "position": "hidden"
                            }
                        ]
                    }
                },
                {
                    "el connection to ode 2": {
                        "mapping": [
                            {
                                "map_type": "RelationshipClass",
                                "position": "hidden",
                                "value": "connection__to_node",
                                "skip_columns": [
                                    2,
                                    3,
                                    4,
                                    5
                                ]
                            },
                            {
                                "map_type": "RelationshipClassObjectClass",
                                "position": "hidden",
                                "value": "connection"
                            },
                            {
                                "map_type": "RelationshipClassObjectClass",
                                "position": "hidden",
                                "value": "node"
                            },
                            {
                                "map_type": "Relationship",
                                "position": "hidden",
                                "value": "relationship"
                            },
                            {
                                "map_type": "RelationshipObject",
                                "position": 2
                            },
                            {
                                "map_type": "RelationshipObject",
                                "position": 1
                            },
                            {
                                "map_type": "RelationshipMetadata",
                                "position": "hidden"
                            },
                            {
                                "map_type": "ParameterDefinition",
                                "position": "hidden"
                            },
                            {
                                "map_type": "ParameterValueList",
                                "position": "hidden"
                            },
                            {
                                "map_type": "ParameterDefaultValue",
                                "position": "hidden"
                            }
                        ]
                    }
                }
            ],
            "Input Table": [
                {
                    "Mapping 1": {
                        "mapping": [
                            {
                                "map_type": "ObjectClass",
                                "position": "hidden"
                            },
                            {
                                "map_type": "Object",
                                "position": "hidden"
                            },
                            {
                                "map_type": "ObjectMetadata",
                                "position": "hidden"
                            }
                        ]
                    }
                }
            ],
            "Quellen": [
                {
                    "Mapping 1": {
                        "mapping": [
                            {
                                "map_type": "ObjectClass",
                                "position": "hidden"
                            },
                            {
                                "map_type": "Object",
                                "position": "hidden"
                            },
                            {
                                "map_type": "ObjectMetadata",
                                "position": "hidden"
                            }
                        ]
                    }
                }
            ],
            "properties_table": [
                {
                    "Mapping 1": {
                        "mapping": [
                            {
                                "map_type": "ObjectClass",
                                "position": "hidden"
                            },
                            {
                                "map_type": "Object",
                                "position": "hidden"
                            },
                            {
                                "map_type": "ObjectMetadata",
                                "position": "hidden"
                            }
                        ]
                    }
                }
            ]
        },
        "selected_tables": [
            "nodes",
            "connections"
        ],
        "table_options": {
            "nodes": {
                "header": true
            },
            "connections": {
                "header": true
            },
            "Input Table": {},
            "Quellen": {},
            "properties_table": {}
        },
        "table_types": {
            "nodes": {
                "0": "string",
                "1": "string",
                "2": "string",
                "3": "string",
                "4": "string",
                "5": "float",
                "6": "float",
                "7": "float",
                "8": "float",
                "9": "float",
                "10": "float"
            },
            "properties_table": {
                "0": "string",
                "1": "string",
                "2": "string",
                "3": "string",
                "4": "string",
                "5": "string",
                "6": "string",
                "7": "string",
                "8": "string",
                "9": "string",
                "10": "string",
                "11": "string",
                "12": "string",
                "13": "string",
                "14": "string",
                "15": "string",
                "16": "string",
                "17": "string",
                "18": "string",
                "19": "string",
                "20": "string",
                "21": "string",
                "22": "string",
                "23": "string",
                "24": "string"
            },
            "connections": {
                "0": "string",
                "1": "string",
                "2": "string",
                "3": "float",
                "4": "float",
                "5": "float"
            }
        },
        "table_default_column_type": {},
        "table_row_types": {},
        "source_type": "ExcelConnector"
    },
    "description": ""
}