{
    "name": "transport_importer",
    "item_type": "Importer",
    "mapping": {
        "table_mappings": {
            "nodes": [
                {
                    "h2_nodes": {
                        "mapping": [
                            {
                                "map_type": "ObjectClass",
                                "position": "hidden",
                                "value": "node",
                                "skip_columns": [
                                    0,
                                    1,
                                    2,
                                    3,
                                    4,
                                    5,
                                    9,
                                    10
                                ]
                            },
                            {
                                "map_type": "Object",
                                "position": 3
                            },
                            {
                                "map_type": "ObjectMetadata",
                                "position": "hidden"
                            },
                            {
                                "map_type": "ParameterDefinition",
                                "position": "header"
                            },
                            {
                                "map_type": "Alternative",
                                "position": "hidden",
                                "value": "Base"
                            },
                            {
                                "map_type": "ParameterValueMetadata",
                                "position": "hidden"
                            },
                            {
                                "map_type": "ParameterValue",
                                "position": "hidden"
                            }
                        ]
                    }
                },
                {
                    "h2_demand": {
                        "mapping": [
                            {
                                "map_type": "ObjectClass",
                                "position": "hidden",
                                "value": "node"
                            },
                            {
                                "map_type": "Object",
                                "position": 3
                            },
                            {
                                "map_type": "ObjectMetadata",
                                "position": "hidden"
                            },
                            {
                                "map_type": "ParameterDefinition",
                                "position": "hidden",
                                "value": "demand"
                            },
                            {
                                "map_type": "Alternative",
                                "position": "hidden",
                                "value": "Base"
                            },
                            {
                                "map_type": "ParameterValueMetadata",
                                "position": "hidden"
                            },
                            {
                                "map_type": "ParameterValue",
                                "position": 5
                            }
                        ]
                    }
                }
            ],
            "h2_pipelines": [
                {
                    "h2_pipelines": {
                        "mapping": [
                            {
                                "map_type": "ObjectClass",
                                "position": "hidden",
                                "value": "connection"
                            },
                            {
                                "map_type": "Object",
                                "position": 0
                            },
                            {
                                "map_type": "ObjectMetadata",
                                "position": "hidden"
                            },
                            {
                                "map_type": "ParameterDefinition",
                                "position": "hidden",
                                "value": "connection_type"
                            },
                            {
                                "map_type": "Alternative",
                                "position": "hidden",
                                "value": "Base"
                            },
                            {
                                "map_type": "ParameterValueMetadata",
                                "position": "hidden"
                            },
                            {
                                "map_type": "ParameterValue",
                                "position": "hidden",
                                "value": "connection_type_normal"
                            }
                        ]
                    }
                },
                {
                    "h2_pipelines_from_nodes": {
                        "mapping": [
                            {
                                "map_type": "RelationshipClass",
                                "position": "hidden",
                                "value": "connection__from_node",
                                "skip_columns": [
                                    0,
                                    1,
                                    2,
                                    3,
                                    4,
                                    6
                                ]
                            },
                            {
                                "map_type": "RelationshipClassObjectClass",
                                "position": "hidden",
                                "value": "connection"
                            },
                            {
                                "map_type": "RelationshipClassObjectClass",
                                "position": "hidden",
                                "value": "node"
                            },
                            {
                                "map_type": "Relationship",
                                "position": "hidden",
                                "value": "relationship"
                            },
                            {
                                "map_type": "RelationshipObject",
                                "position": 0
                            },
                            {
                                "map_type": "RelationshipObject",
                                "position": 1
                            },
                            {
                                "map_type": "RelationshipMetadata",
                                "position": "hidden"
                            },
                            {
                                "map_type": "ParameterDefinition",
                                "position": "header"
                            },
                            {
                                "map_type": "Alternative",
                                "position": "hidden",
                                "value": "Base"
                            },
                            {
                                "map_type": "ParameterValueMetadata",
                                "position": "hidden"
                            },
                            {
                                "map_type": "ParameterValue",
                                "position": "hidden",
                                "value": "100000"
                            }
                        ]
                    }
                },
                {
                    "h2_pipelines_from_nodes2": {
                        "mapping": [
                            {
                                "map_type": "RelationshipClass",
                                "position": "hidden",
                                "value": "connection__from_node",
                                "skip_columns": [
                                    0,
                                    1,
                                    2,
                                    3,
                                    4,
                                    6
                                ]
                            },
                            {
                                "map_type": "RelationshipClassObjectClass",
                                "position": "hidden",
                                "value": "connection"
                            },
                            {
                                "map_type": "RelationshipClassObjectClass",
                                "position": "hidden",
                                "value": "node"
                            },
                            {
                                "map_type": "Relationship",
                                "position": "hidden",
                                "value": "relationship"
                            },
                            {
                                "map_type": "RelationshipObject",
                                "position": 0
                            },
                            {
                                "map_type": "RelationshipObject",
                                "position": 2
                            },
                            {
                                "map_type": "RelationshipMetadata",
                                "position": "hidden"
                            },
                            {
                                "map_type": "ParameterDefinition",
                                "position": "header"
                            },
                            {
                                "map_type": "Alternative",
                                "position": "hidden",
                                "value": "Base"
                            },
                            {
                                "map_type": "ParameterValueMetadata",
                                "position": "hidden"
                            },
                            {
                                "map_type": "ParameterValue",
                                "position": "hidden",
                                "value": "100000"
                            }
                        ]
                    }
                },
                {
                    "h2_pipelines_to_nodes": {
                        "mapping": [
                            {
                                "map_type": "RelationshipClass",
                                "position": "hidden",
                                "value": "connection__to_node",
                                "skip_columns": [
                                    0,
                                    1,
                                    2,
                                    3,
                                    4,
                                    6
                                ]
                            },
                            {
                                "map_type": "RelationshipClassObjectClass",
                                "position": "hidden",
                                "value": "connection"
                            },
                            {
                                "map_type": "RelationshipClassObjectClass",
                                "position": "hidden",
                                "value": "node"
                            },
                            {
                                "map_type": "Relationship",
                                "position": "hidden",
                                "value": "relationship"
                            },
                            {
                                "map_type": "RelationshipObject",
                                "position": 0
                            },
                            {
                                "map_type": "RelationshipObject",
                                "position": 1
                            },
                            {
                                "map_type": "RelationshipMetadata",
                                "position": "hidden"
                            },
                            {
                                "map_type": "ParameterDefinition",
                                "position": "header"
                            },
                            {
                                "map_type": "Alternative",
                                "position": "hidden",
                                "value": "Base"
                            },
                            {
                                "map_type": "ParameterValueMetadata",
                                "position": "hidden"
                            },
                            {
                                "map_type": "ParameterValue",
                                "position": "hidden",
                                "value": "100000"
                            }
                        ]
                    }
                },
                {
                    "h2_pipelines_to_nodes2": {
                        "mapping": [
                            {
                                "map_type": "RelationshipClass",
                                "position": "hidden",
                                "value": "connection__to_node",
                                "skip_columns": [
                                    0,
                                    1,
                                    2,
                                    3,
                                    4,
                                    6
                                ]
                            },
                            {
                                "map_type": "RelationshipClassObjectClass",
                                "position": "hidden",
                                "value": "connection"
                            },
                            {
                                "map_type": "RelationshipClassObjectClass",
                                "position": "hidden",
                                "value": "node"
                            },
                            {
                                "map_type": "Relationship",
                                "position": "hidden",
                                "value": "relationship"
                            },
                            {
                                "map_type": "RelationshipObject",
                                "position": 0
                            },
                            {
                                "map_type": "RelationshipObject",
                                "position": 2
                            },
                            {
                                "map_type": "RelationshipMetadata",
                                "position": "hidden"
                            },
                            {
                                "map_type": "ParameterDefinition",
                                "position": "header"
                            },
                            {
                                "map_type": "Alternative",
                                "position": "hidden",
                                "value": "Base"
                            },
                            {
                                "map_type": "ParameterValueMetadata",
                                "position": "hidden"
                            },
                            {
                                "map_type": "ParameterValue",
                                "position": "hidden",
                                "value": "100000"
                            }
                        ]
                    }
                },
                {
                    "h2_pipelines_connection_node_node": {
                        "mapping": [
                            {
                                "map_type": "RelationshipClass",
                                "position": "hidden",
                                "value": "connection__node__node"
                            },
                            {
                                "map_type": "RelationshipClassObjectClass",
                                "position": "hidden",
                                "value": "connection"
                            },
                            {
                                "map_type": "RelationshipClassObjectClass",
                                "position": "hidden",
                                "value": "node"
                            },
                            {
                                "map_type": "RelationshipClassObjectClass",
                                "position": "hidden",
                                "value": "node"
                            },
                            {
                                "map_type": "Relationship",
                                "position": "hidden",
                                "value": "relationship"
                            },
                            {
                                "map_type": "RelationshipObject",
                                "position": 0
                            },
                            {
                                "map_type": "RelationshipObject",
                                "position": 1
                            },
                            {
                                "map_type": "RelationshipObject",
                                "position": 2
                            },
                            {
                                "map_type": "RelationshipMetadata",
                                "position": "hidden"
                            },
                            {
                                "map_type": "ParameterDefinition",
                                "position": "hidden",
                                "value": "fix_ratio_out_in_connection_flow"
                            },
                            {
                                "map_type": "Alternative",
                                "position": "hidden",
                                "value": "Base"
                            },
                            {
                                "map_type": "ParameterValueMetadata",
                                "position": "hidden"
                            },
                            {
                                "map_type": "ParameterValue",
                                "position": "hidden",
                                "value": "1"
                            }
                        ]
                    }
                },
                {
                    "h2_pipelines_connection_node_node2": {
                        "mapping": [
                            {
                                "map_type": "RelationshipClass",
                                "position": "hidden",
                                "value": "connection__node__node"
                            },
                            {
                                "map_type": "RelationshipClassObjectClass",
                                "position": "hidden",
                                "value": "connection"
                            },
                            {
                                "map_type": "RelationshipClassObjectClass",
                                "position": "hidden",
                                "value": "node"
                            },
                            {
                                "map_type": "RelationshipClassObjectClass",
                                "position": "hidden",
                                "value": "node"
                            },
                            {
                                "map_type": "Relationship",
                                "position": "hidden",
                                "value": "relationship"
                            },
                            {
                                "map_type": "RelationshipObject",
                                "position": 0
                            },
                            {
                                "map_type": "RelationshipObject",
                                "position": 2
                            },
                            {
                                "map_type": "RelationshipObject",
                                "position": 1
                            },
                            {
                                "map_type": "RelationshipMetadata",
                                "position": "hidden"
                            },
                            {
                                "map_type": "ParameterDefinition",
                                "position": "hidden",
                                "value": "fix_ratio_out_in_connection_flow"
                            },
                            {
                                "map_type": "Alternative",
                                "position": "hidden",
                                "value": "Base"
                            },
                            {
                                "map_type": "ParameterValueMetadata",
                                "position": "hidden"
                            },
                            {
                                "map_type": "ParameterValue",
                                "position": "hidden",
                                "value": "1"
                            }
                        ]
                    }
                }
            ],
            "h2_ships": [
                {
                    "h2_terminals": {
                        "mapping": [
                            {
                                "map_type": "ObjectClass",
                                "position": "hidden",
                                "value": "node",
                                "skip_columns": [
                                    0,
                                    1,
                                    2,
                                    3,
                                    6,
                                    7
                                ]
                            },
                            {
                                "map_type": "Object",
                                "position": 0
                            },
                            {
                                "map_type": "ObjectMetadata",
                                "position": "hidden"
                            },
                            {
                                "map_type": "ParameterDefinition",
                                "position": "header"
                            },
                            {
                                "map_type": "Alternative",
                                "position": "hidden",
                                "value": "Base"
                            },
                            {
                                "map_type": "ParameterValueMetadata",
                                "position": "hidden"
                            },
                            {
                                "map_type": "ParameterValue",
                                "position": "hidden"
                            }
                        ]
                    }
                }
            ],
            "terminal_connections": [
                {
                    "h2_terminal_connections": {
                        "mapping": [
                            {
                                "map_type": "ObjectClass",
                                "position": "hidden",
                                "value": "connection",
                                "skip_columns": [
                                    0,
                                    1,
                                    2,
                                    3,
                                    4,
                                    5,
                                    6,
                                    7,
                                    9,
                                    10
                                ]
                            },
                            {
                                "map_type": "Object",
                                "position": 10
                            },
                            {
                                "map_type": "ObjectMetadata",
                                "position": "hidden"
                            },
                            {
                                "map_type": "ParameterDefinition",
                                "position": "header"
                            },
                            {
                                "map_type": "Alternative",
                                "position": "hidden",
                                "value": "Base"
                            },
                            {
                                "map_type": "ParameterValueMetadata",
                                "position": "hidden"
                            },
                            {
                                "map_type": "ParameterValue",
                                "position": "hidden",
                                "value": "connection_type_normal"
                            }
                        ]
                    }
                },
                {
                    "h2_terminals_connection_from_nodes": {
                        "mapping": [
                            {
                                "map_type": "RelationshipClass",
                                "position": "hidden",
                                "value": "connection__from_node",
                                "skip_columns": [
                                    0,
                                    1,
                                    2,
                                    3,
                                    4,
                                    5,
                                    7,
                                    8,
                                    9,
                                    10
                                ]
                            },
                            {
                                "map_type": "RelationshipClassObjectClass",
                                "position": "hidden",
                                "value": "connection"
                            },
                            {
                                "map_type": "RelationshipClassObjectClass",
                                "position": "hidden",
                                "value": "node"
                            },
                            {
                                "map_type": "Relationship",
                                "position": "hidden",
                                "value": "relationship"
                            },
                            {
                                "map_type": "RelationshipObject",
                                "position": 10
                            },
                            {
                                "map_type": "RelationshipObject",
                                "position": 0
                            },
                            {
                                "map_type": "RelationshipMetadata",
                                "position": "hidden"
                            },
                            {
                                "map_type": "ParameterDefinition",
                                "position": "header"
                            },
                            {
                                "map_type": "Alternative",
                                "position": "hidden",
                                "value": "Base"
                            },
                            {
                                "map_type": "ParameterValueMetadata",
                                "position": "hidden"
                            },
                            {
                                "map_type": "ParameterValue",
                                "position": "hidden",
                                "value": "100000"
                            }
                        ]
                    }
                },
                {
                    "h2_terminals_connection_from_nodes2": {
                        "mapping": [
                            {
                                "map_type": "RelationshipClass",
                                "position": "hidden",
                                "value": "connection__from_node",
                                "skip_columns": [
                                    0,
                                    1,
                                    2,
                                    3,
                                    4,
                                    5,
                                    7,
                                    8,
                                    9,
                                    10
                                ]
                            },
                            {
                                "map_type": "RelationshipClassObjectClass",
                                "position": "hidden",
                                "value": "connection"
                            },
                            {
                                "map_type": "RelationshipClassObjectClass",
                                "position": "hidden",
                                "value": "node"
                            },
                            {
                                "map_type": "Relationship",
                                "position": "hidden",
                                "value": "relationship"
                            },
                            {
                                "map_type": "RelationshipObject",
                                "position": 10
                            },
                            {
                                "map_type": "RelationshipObject",
                                "position": 9
                            },
                            {
                                "map_type": "RelationshipMetadata",
                                "position": "hidden"
                            },
                            {
                                "map_type": "ParameterDefinition",
                                "position": "header"
                            },
                            {
                                "map_type": "Alternative",
                                "position": "hidden",
                                "value": "Base"
                            },
                            {
                                "map_type": "ParameterValueMetadata",
                                "position": "hidden"
                            },
                            {
                                "map_type": "ParameterValue",
                                "position": "hidden",
                                "value": "100000"
                            }
                        ]
                    }
                },
                {
                    "h2_terminals_connection_to_nodes": {
                        "mapping": [
                            {
                                "map_type": "RelationshipClass",
                                "position": "hidden",
                                "value": "connection__to_node",
                                "skip_columns": [
                                    0,
                                    1,
                                    2,
                                    3,
                                    4,
                                    5,
                                    7,
                                    8,
                                    9,
                                    10
                                ]
                            },
                            {
                                "map_type": "RelationshipClassObjectClass",
                                "position": "hidden",
                                "value": "connection"
                            },
                            {
                                "map_type": "RelationshipClassObjectClass",
                                "position": "hidden",
                                "value": "node"
                            },
                            {
                                "map_type": "Relationship",
                                "position": "hidden",
                                "value": "relationship"
                            },
                            {
                                "map_type": "RelationshipObject",
                                "position": 10
                            },
                            {
                                "map_type": "RelationshipObject",
                                "position": 0
                            },
                            {
                                "map_type": "RelationshipMetadata",
                                "position": "hidden"
                            },
                            {
                                "map_type": "ParameterDefinition",
                                "position": "header"
                            },
                            {
                                "map_type": "Alternative",
                                "position": "hidden",
                                "value": "Base"
                            },
                            {
                                "map_type": "ParameterValueMetadata",
                                "position": "hidden"
                            },
                            {
                                "map_type": "ParameterValue",
                                "position": "hidden",
                                "value": "100000"
                            }
                        ]
                    }
                },
                {
                    "h2_terminals_connection_to_nodes2": {
                        "mapping": [
                            {
                                "map_type": "RelationshipClass",
                                "position": "hidden",
                                "value": "connection__to_node",
                                "skip_columns": [
                                    0,
                                    1,
                                    2,
                                    3,
                                    4,
                                    5,
                                    7,
                                    8,
                                    9,
                                    10
                                ]
                            },
                            {
                                "map_type": "RelationshipClassObjectClass",
                                "position": "hidden",
                                "value": "connection"
                            },
                            {
                                "map_type": "RelationshipClassObjectClass",
                                "position": "hidden",
                                "value": "node"
                            },
                            {
                                "map_type": "Relationship",
                                "position": "hidden",
                                "value": "relationship"
                            },
                            {
                                "map_type": "RelationshipObject",
                                "position": 10
                            },
                            {
                                "map_type": "RelationshipObject",
                                "position": 9
                            },
                            {
                                "map_type": "RelationshipMetadata",
                                "position": "hidden"
                            },
                            {
                                "map_type": "ParameterDefinition",
                                "position": "header"
                            },
                            {
                                "map_type": "Alternative",
                                "position": "hidden",
                                "value": "Base"
                            },
                            {
                                "map_type": "ParameterValueMetadata",
                                "position": "hidden"
                            },
                            {
                                "map_type": "ParameterValue",
                                "position": "hidden",
                                "value": "100000"
                            }
                        ]
                    }
                },
                {
                    "h2_terminal_connection_node_node": {
                        "mapping": [
                            {
                                "map_type": "RelationshipClass",
                                "position": "hidden",
                                "value": "connection__node__node"
                            },
                            {
                                "map_type": "RelationshipClassObjectClass",
                                "position": "hidden",
                                "value": "connection"
                            },
                            {
                                "map_type": "RelationshipClassObjectClass",
                                "position": "hidden",
                                "value": "node"
                            },
                            {
                                "map_type": "RelationshipClassObjectClass",
                                "position": "hidden",
                                "value": "node"
                            },
                            {
                                "map_type": "Relationship",
                                "position": "hidden",
                                "value": "relationship"
                            },
                            {
                                "map_type": "RelationshipObject",
                                "position": 10
                            },
                            {
                                "map_type": "RelationshipObject",
                                "position": 0
                            },
                            {
                                "map_type": "RelationshipObject",
                                "position": 9
                            },
                            {
                                "map_type": "RelationshipMetadata",
                                "position": "hidden"
                            },
                            {
                                "map_type": "ParameterDefinition",
                                "position": "hidden",
                                "value": "fix_ratio_out_in_connection_flow"
                            },
                            {
                                "map_type": "Alternative",
                                "position": "hidden",
                                "value": "Base"
                            },
                            {
                                "map_type": "ParameterValueMetadata",
                                "position": "hidden"
                            },
                            {
                                "map_type": "ParameterValue",
                                "position": "hidden",
                                "value": "1"
                            }
                        ]
                    }
                },
                {
                    "h2_terminal_connection_node_node2": {
                        "mapping": [
                            {
                                "map_type": "RelationshipClass",
                                "position": "hidden",
                                "value": "connection__node__node"
                            },
                            {
                                "map_type": "RelationshipClassObjectClass",
                                "position": "hidden",
                                "value": "connection"
                            },
                            {
                                "map_type": "RelationshipClassObjectClass",
                                "position": "hidden",
                                "value": "node"
                            },
                            {
                                "map_type": "RelationshipClassObjectClass",
                                "position": "hidden",
                                "value": "node"
                            },
                            {
                                "map_type": "Relationship",
                                "position": "hidden",
                                "value": "relationship"
                            },
                            {
                                "map_type": "RelationshipObject",
                                "position": 10
                            },
                            {
                                "map_type": "RelationshipObject",
                                "position": 9
                            },
                            {
                                "map_type": "RelationshipObject",
                                "position": 0
                            },
                            {
                                "map_type": "RelationshipMetadata",
                                "position": "hidden"
                            },
                            {
                                "map_type": "ParameterDefinition",
                                "position": "hidden",
                                "value": "fix_ratio_out_in_connection_flow"
                            },
                            {
                                "map_type": "Alternative",
                                "position": "hidden",
                                "value": "Base"
                            },
                            {
                                "map_type": "ParameterValueMetadata",
                                "position": "hidden"
                            },
                            {
                                "map_type": "ParameterValue",
                                "position": "hidden",
                                "value": "1"
                            }
                        ]
                    }
                }
            ],
            "shipping_routes": [
                {
                    "h2_terminal_connections": {
                        "mapping": [
                            {
                                "map_type": "ObjectClass",
                                "position": "hidden",
                                "value": "connection",
                                "skip_columns": [
                                    0,
                                    1,
                                    2,
                                    3,
                                    4,
                                    5,
                                    6,
                                    8,
                                    9,
                                    10
                                ]
                            },
                            {
                                "map_type": "Object",
                                "position": 6
                            },
                            {
                                "map_type": "ObjectMetadata",
                                "position": "hidden"
                            },
                            {
                                "map_type": "ParameterDefinition",
                                "position": "header"
                            },
                            {
                                "map_type": "Alternative",
                                "position": "hidden",
                                "value": "Base"
                            },
                            {
                                "map_type": "ParameterValueMetadata",
                                "position": "hidden"
                            },
                            {
                                "map_type": "ParameterValue",
                                "position": "hidden",
                                "value": "connection_type_normal"
                            }
                        ]
                    }
                },
                {
                    "h2_terminals_connection_from_nodes": {
                        "mapping": [
                            {
                                "map_type": "RelationshipClass",
                                "position": "hidden",
                                "value": "connection__from_node",
                                "skip_columns": [
                                    0,
                                    1,
                                    2,
                                    3,
                                    4,
                                    5,
                                    6,
                                    7,
                                    8,
                                    10
                                ]
                            },
                            {
                                "map_type": "RelationshipClassObjectClass",
                                "position": "hidden",
                                "value": "connection"
                            },
                            {
                                "map_type": "RelationshipClassObjectClass",
                                "position": "hidden",
                                "value": "node"
                            },
                            {
                                "map_type": "Relationship",
                                "position": "hidden",
                                "value": "relationship"
                            },
                            {
                                "map_type": "RelationshipObject",
                                "position": 6
                            },
                            {
                                "map_type": "RelationshipObject",
                                "position": 0
                            },
                            {
                                "map_type": "RelationshipMetadata",
                                "position": "hidden"
                            },
                            {
                                "map_type": "ParameterDefinition",
                                "position": "header"
                            },
                            {
                                "map_type": "Alternative",
                                "position": "hidden",
                                "value": "Base"
                            },
                            {
                                "map_type": "ParameterValueMetadata",
                                "position": "hidden"
                            },
                            {
                                "map_type": "ParameterValue",
                                "position": "hidden",
                                "value": "100000"
                            }
                        ]
                    }
                },
                {
                    "h2_terminals_connection_from_nodes2": {
                        "mapping": [
                            {
                                "map_type": "RelationshipClass",
                                "position": "hidden",
                                "value": "connection__from_node",
                                "skip_columns": [
                                    0,
                                    1,
                                    2,
                                    3,
                                    4,
                                    5,
                                    6,
                                    7,
                                    8,
                                    10
                                ]
                            },
                            {
                                "map_type": "RelationshipClassObjectClass",
                                "position": "hidden",
                                "value": "connection"
                            },
                            {
                                "map_type": "RelationshipClassObjectClass",
                                "position": "hidden",
                                "value": "node"
                            },
                            {
                                "map_type": "Relationship",
                                "position": "hidden",
                                "value": "relationship"
                            },
                            {
                                "map_type": "RelationshipObject",
                                "position": 6
                            },
                            {
                                "map_type": "RelationshipObject",
                                "position": 1
                            },
                            {
                                "map_type": "RelationshipMetadata",
                                "position": "hidden"
                            },
                            {
                                "map_type": "ParameterDefinition",
                                "position": "header"
                            },
                            {
                                "map_type": "Alternative",
                                "position": "hidden",
                                "value": "Base"
                            },
                            {
                                "map_type": "ParameterValueMetadata",
                                "position": "hidden"
                            },
                            {
                                "map_type": "ParameterValue",
                                "position": "hidden",
                                "value": "100000"
                            }
                        ]
                    }
                },
                {
                    "h2_terminals_connection_to_nodes": {
                        "mapping": [
                            {
                                "map_type": "RelationshipClass",
                                "position": "hidden",
                                "value": "connection__to_node",
                                "skip_columns": [
                                    0,
                                    1,
                                    2,
                                    3,
                                    4,
                                    5,
                                    6,
                                    7,
                                    8,
                                    10
                                ]
                            },
                            {
                                "map_type": "RelationshipClassObjectClass",
                                "position": "hidden",
                                "value": "connection"
                            },
                            {
                                "map_type": "RelationshipClassObjectClass",
                                "position": "hidden",
                                "value": "node"
                            },
                            {
                                "map_type": "Relationship",
                                "position": "hidden",
                                "value": "relationship"
                            },
                            {
                                "map_type": "RelationshipObject",
                                "position": 6
                            },
                            {
                                "map_type": "RelationshipObject",
                                "position": 0
                            },
                            {
                                "map_type": "RelationshipMetadata",
                                "position": "hidden"
                            },
                            {
                                "map_type": "ParameterDefinition",
                                "position": "header"
                            },
                            {
                                "map_type": "Alternative",
                                "position": "hidden",
                                "value": "Base"
                            },
                            {
                                "map_type": "ParameterValueMetadata",
                                "position": "hidden"
                            },
                            {
                                "map_type": "ParameterValue",
                                "position": "hidden",
                                "value": "100000"
                            }
                        ]
                    }
                },
                {
                    "h2_terminals_connection_to_nodes2": {
                        "mapping": [
                            {
                                "map_type": "RelationshipClass",
                                "position": "hidden",
                                "value": "connection__to_node",
                                "skip_columns": [
                                    0,
                                    1,
                                    2,
                                    3,
                                    4,
                                    5,
                                    6,
                                    7,
                                    8,
                                    10
                                ]
                            },
                            {
                                "map_type": "RelationshipClassObjectClass",
                                "position": "hidden",
                                "value": "connection"
                            },
                            {
                                "map_type": "RelationshipClassObjectClass",
                                "position": "hidden",
                                "value": "node"
                            },
                            {
                                "map_type": "Relationship",
                                "position": "hidden",
                                "value": "relationship"
                            },
                            {
                                "map_type": "RelationshipObject",
                                "position": 6
                            },
                            {
                                "map_type": "RelationshipObject",
                                "position": 1
                            },
                            {
                                "map_type": "RelationshipMetadata",
                                "position": "hidden"
                            },
                            {
                                "map_type": "ParameterDefinition",
                                "position": "header"
                            },
                            {
                                "map_type": "Alternative",
                                "position": "hidden",
                                "value": "Base"
                            },
                            {
                                "map_type": "ParameterValueMetadata",
                                "position": "hidden"
                            },
                            {
                                "map_type": "ParameterValue",
                                "position": "hidden",
                                "value": "100000"
                            }
                        ]
                    }
                },
                {
                    "h2_terminal_connection_node_node": {
                        "mapping": [
                            {
                                "map_type": "RelationshipClass",
                                "position": "hidden",
                                "value": "connection__node__node",
                                "skip_columns": [
                                    0,
                                    1,
                                    2,
                                    3,
                                    4,
                                    5,
                                    6,
                                    7,
                                    9,
                                    10
                                ]
                            },
                            {
                                "map_type": "RelationshipClassObjectClass",
                                "position": "hidden",
                                "value": "connection"
                            },
                            {
                                "map_type": "RelationshipClassObjectClass",
                                "position": "hidden",
                                "value": "node"
                            },
                            {
                                "map_type": "RelationshipClassObjectClass",
                                "position": "hidden",
                                "value": "node"
                            },
                            {
                                "map_type": "Relationship",
                                "position": "hidden",
                                "value": "relationship"
                            },
                            {
                                "map_type": "RelationshipObject",
                                "position": 6
                            },
                            {
                                "map_type": "RelationshipObject",
                                "position": 1
                            },
                            {
                                "map_type": "RelationshipObject",
                                "position": 0
                            },
                            {
                                "map_type": "RelationshipMetadata",
                                "position": "hidden"
                            },
                            {
                                "map_type": "ParameterDefinition",
                                "position": "header"
                            },
                            {
                                "map_type": "Alternative",
                                "position": "hidden",
                                "value": "Base"
                            },
                            {
                                "map_type": "ParameterValueMetadata",
                                "position": "hidden"
                            },
                            {
                                "map_type": "ParameterValue",
                                "position": 0
                            }
                        ]
                    }
                },
                {
                    "h2_terminal_connection_node_node2": {
                        "mapping": [
                            {
                                "map_type": "RelationshipClass",
                                "position": "hidden",
                                "value": "connection__node__node",
                                "skip_columns": [
                                    0,
                                    1,
                                    2,
                                    3,
                                    4,
                                    5,
                                    6,
                                    7,
                                    9,
                                    10
                                ]
                            },
                            {
                                "map_type": "RelationshipClassObjectClass",
                                "position": "hidden",
                                "value": "connection"
                            },
                            {
                                "map_type": "RelationshipClassObjectClass",
                                "position": "hidden",
                                "value": "node"
                            },
                            {
                                "map_type": "RelationshipClassObjectClass",
                                "position": "hidden",
                                "value": "node"
                            },
                            {
                                "map_type": "Relationship",
                                "position": "hidden",
                                "value": "relationship"
                            },
                            {
                                "map_type": "RelationshipObject",
                                "position": 6
                            },
                            {
                                "map_type": "RelationshipObject",
                                "position": 0
                            },
                            {
                                "map_type": "RelationshipObject",
                                "position": 1
                            },
                            {
                                "map_type": "RelationshipMetadata",
                                "position": "hidden"
                            },
                            {
                                "map_type": "ParameterDefinition",
                                "position": "header"
                            },
                            {
                                "map_type": "Alternative",
                                "position": "hidden",
                                "value": "Base"
                            },
                            {
                                "map_type": "ParameterValueMetadata",
                                "position": "hidden"
                            },
                            {
                                "map_type": "ParameterValue",
                                "position": 0
                            }
                        ]
                    }
                }
            ]
        },
        "selected_tables": [
            "nodes",
            "h2_pipelines",
            "h2_ships",
            "terminal_connections",
            "shipping_routes"
        ],
        "table_options": {
            "nodes": {
                "column": 0,
                "header": true,
                "read_until_row": true
            },
            "h2_pipelines": {
                "header": true,
                "read_until_col": true
            },
            "h2_ships": {
                "header": true,
                "read_until_col": true
            },
            "terminal_connections": {
                "read_until_col": true,
                "header": true
            },
            "shipping_routes": {
                "read_until_col": true,
                "header": true
            }
        },
        "table_types": {
            "nodes": {
                "0": "float",
                "1": "float",
                "2": "float",
                "3": "string",
                "4": "float",
                "5": "float",
                "6": "float",
                "7": "float",
                "8": "float",
                "9": "float",
                "10": "float",
                "11": "float"
            },
            "h2_pipelines": {
                "0": "string",
                "1": "string",
                "2": "string",
                "3": "float",
                "4": "float",
                "5": "float",
                "6": "float"
            },
            "h2_ships": {
                "0": "string",
                "1": "string",
                "2": "string",
                "3": "string",
                "4": "float",
                "5": "float",
                "6": "string",
                "7": "float",
                "8": "string"
            },
            "terminal_connections": {
                "0": "string",
                "1": "float",
                "2": "float",
                "3": "float",
                "4": "float",
                "5": "float",
                "6": "string",
                "7": "float",
                "8": "string",
                "9": "string",
                "10": "string"
            },
            "shipping_routes": {
                "0": "string",
                "1": "string",
                "2": "float",
                "3": "float",
                "4": "string",
                "5": "string",
                "6": "string",
                "7": "string",
                "8": "float",
                "9": "float",
                "10": "float"
            }
        },
        "table_default_column_type": {
            "h2_ships": "string",
            "nodes": "string",
            "h2_pipelines": "string",
            "terminal_connections": "string",
            "shipping_routes": "string"
        },
        "table_row_types": {},
        "source_type": "ExcelConnector"
    },
    "description": ""
}